prompt_template,prompt_name,F1_score
"You are a sentiment classifier.
Answer with only one word: positive or negative.

Text: Love this machine! Makes great ice quickly. I bag it each time it fills up and use it at a later time. Buying a 2nd one for our camper!
Answer: positive

Text: {t}
Answer:",out_label_Prompt_1,0.9097428992503881
"Classify the sentiment of the text.

Labels: positive , negative

Answer with exactly one word: positive or negative. Do not explain.
After ""but"", ""however"", or ""although"", the following sentiment is more important.

Text: These knobs are awesome! The last set we bought weren’t raised like the original ones and all broke off within months. These are so easy to turn, and I love that they are raised so we can see the lights under the knobs again. They seem very sturdy!
Answer: positive

Text: {t}
Answer:",out_label_Prompt_2,0.913922723736074
"You are a sentiment classifier.
Answer with only one word: positive or negative.

Text: Love this machine! Makes great ice quickly. I bag it each time it fills up and use it at a later time. Buying a 2nd one for our camper!
Answer: positive

Text: Bought it June 21, died last night. No longevity. Worked good other then that.
Answer: negative

Text: {t}
Answer:",out_label_Prompt_3,0.8982281750202707
"
What is the sentiment of this text?

Answer using only one word: positive or negative.

Text: {t}
Answer:",out_label_Prompt_4,0.890441095691277
"
Classify sentiment.

Positive = praise, satisfaction, good experience.
Negative = complaint, disappointment, bad experience.

Answer with one word only: positive or negative.

Text: {t}
Answer:",out_label_Prompt_5,0.8866487580008623
